series_id,mode_used,raw_observations,release_events,daily_rows,first_release_date,last_release_date
FEDFUNDS,alfred_vintage,861,359,4108,1996-12-03,2026-04-01
DGS2,fallback_release_lag,12472,12472,4107,1976-06-02,2026-04-28
DGS10,fallback_release_lag,16064,16064,4107,1962-01-03,2026-04-28
T10Y2Y,fallback_release_lag,12473,12473,4107,1976-06-02,2026-04-29
CPIAUCSL,alfred_vintage,950,664,4099,1972-07-21,2026-04-10
UNRATE,fallback_release_lag,938,938,4105,1948-02-07,2026-04-07
PAYEMS,alfred_vintage,1047,854,4104,1955-05-06,2026-04-03
INDPRO,alfred_vintage,1287,1218,4099,1927-01-26,2026-04-16
VIXCLS,fallback_release_lag,9174,9174,4107,1990-01-03,2026-04-29
